Activity ID,Nombre de la Actividad,Fecha de Inicio,Deporte,Duración (min),Distancia (m),Ritmo medio (min/km),Velocidad media (m/s),Velocidad máxima (m/s),Calorías,Tasa Metabólica Basal,Frecuencia Cardíaca Media,Frecuencia Cardíaca Máxima,Tiempo en Zona 1 (s),Tiempo en Zona 2 (s),Tiempo en Zona 3 (s),Tiempo en Zona 4 (s),Tiempo en Zona 5 (s),VO2Max,Cadencia Media (spm),Cadencia Máxima (spm),Elevación Ganada (m),Elevación Perdida (m),Potencia Media (W),Potencia Máxima (W),Temperatura (°C),Latitud,Longitud,Lugar
18703715325,Entrenamiento en cinta,2025-04-01 20:58:46,treadmill_running,30.041817220052085,5480.0,5.482083434316073,3.0399999618530273,4.730999946594238,420.0,48.0,155.0,182.0,73.806,498.358,348.85,880.996,0.0,,,,,,,,,,,
18680114270,Conil de la Frontera Ciclismo,2025-03-30 11:45:04,cycling,121.59666341145834,29996.580078125,4.053684223160249,4.111000061035156,9.274999618530273,645.0,196.0,104.0,140.0,3791.554,494.998,0.0,0.0,0.0,,,,128.94232082366943,126.1105318069458,,,,36.317702578380704,-6.154294051229954,Conil de la Frontera
18668785279,San Fernando - tirada larga s9,2025-03-29 10:24:32,running,60.310384114583336,10004.1103515625,6.028560461167214,2.765000104904175,3.555000066757202,841.0,97.0,156.0,173.0,38.348,295.584,2400.7,883.467,0.0,51.0,157.03125,163.0,22.548205763101578,42.66728535294533,,,,36.46662217564881,-6.19664185680449,San Fernando
18655366949,San Fernando - Farlekt progresivo Semana 8,2025-03-27 19:11:55,running,41.02381591796875,7125.240234375,5.757534422496171,2.8949999809265137,4.609000205993652,598.0,66.0,151.0,185.0,23.002,747.993,1088.768,563.354,23.912,51.0,153.09375,162.0,86.51233768463135,87.0506010055542,,,,36.466296622529626,-6.197255663573742,San Fernando
18654564864,Fuerza,2025-03-26 19:02:54,strength_training,67.83190104166667,0.0,,0.0,,469.0,109.0,114.0,162.0,1207.985,827.991,651.99,0.0,0.0,,,,,,,,,,,
18636142176,San Fernando - Sesion 10k,2025-03-25 19:34:03,running,55.0094482421875,9006.98046875,6.107423951128184,2.7290000915527344,3.378000020980835,738.0,88.0,143.0,155.0,20.0,1205.982,2064.016,0.0,0.0,51.0,157.453125,164.0,49.035422310233116,67.42795656621456,,,,36.466643465682864,-6.197214340791106,San Fernando
18627393672,Fuerza,2025-03-24 20:01:45,strength_training,43.536250813802084,0.0,,0.0,,440.0,70.0,132.0,179.0,606.974,1322.512,399.999,209.999,0.0,,,,,,,,,,,
18627392046,Fuerza,2025-03-21 18:04:11,strength_training,47.166849772135414,0.0,,0.0,,406.0,76.0,120.0,165.0,926.971,207.15,829.0,26.999,0.0,,,,,,,,,,,
18589788097,Fuerza,2025-03-20 20:02:23,strength_training,53.37336832682292,0.0,,0.0,,631.0,86.0,143.0,184.0,859.963,222.534,408.555,1377.446,8.0,,,,,,,,,,,
18577175551,Fuerza,2025-03-19 07:45:57,strength_training,63.85401611328125,0.0,,0.0,,298.0,103.0,95.0,135.0,1123.979,119.0,0.0,0.0,0.0,,,,,,,,,,,
18560660053,Fuerza,2025-03-17 20:03:28,strength_training,77.34777018229167,0.0,,0.0,,626.0,124.0,126.0,175.0,1703.566,390.003,1072.993,602.006,0.0,,,,,,,,,,,
18539051665,Sevilla - tirada larga s7,2025-03-15 12:58:07,running,110.23384602864583,18001.109375,6.123725140059366,2.7219998836517334,3.181999921798706,1556.0,177.0,164.0,182.0,75.382,854.842,185.785,5497.902,0.0,51.0,156.75,164.0,200.04959666728973,198.07851016521454,,,,37.385527957230806,-6.003236481919885,Sevilla
18537883497,Fuerza,2025-03-12 07:40:27,strength_training,71.110498046875,0.0,,0.0,,396.0,114.0,104.0,136.0,1970.366,518.007,0.0,0.0,0.0,,,,,,,,,,,
18505421661,San Fernando - Cuestas semana 7,2025-03-11 19:00:56,running,52.87853190104167,8261.33984375,6.400721057498461,2.6040000915527344,4.208000183105469,663.0,85.0,140.0,155.0,166.665,1470.596,1526.454,0.0,0.0,51.0,146.34375,221.0,337.4205748140812,358.0902763903141,,,,36.46671655587852,-6.197511898353696,San Fernando
18457921492,San Fernando - Series medias s6,2025-03-06 18:55:05,running,46.272151692708334,7819.91015625,5.917222930716882,2.816999912261963,3.573999881744385,639.0,74.0,151.0,177.0,142.579,759.055,855.659,1001.067,0.0,51.0,151.03125,204.0,73.1554388999939,70.85924863815308,,,,36.46698008291423,-6.197322886437178,San Fernando
18442993096,Fuerza,2025-03-05 07:40:58,strength_training,48.60675048828125,0.0,,0.0,,205.0,78.0,88.0,125.0,990.266,18.0,0.0,0.0,0.0,,,,,,,,,,,
18439274927,San Fernando - Sesión de entrenamiento de carr,2025-03-04 19:13:32,running,40.738399251302084,6904.0400390625,5.900660920389731,2.825000047683716,3.9189999103546147,554.0,66.0,146.0,182.0,192.964,1032.367,609.095,582.615,0.0,51.0,153.609375,164.0,41.49998152256012,40.026617646217346,,,,36.466867849230766,-6.1973414942622185,San Fernando
18408568039,San Fernando - Sesión de entrenamiento de carr,2025-03-01 12:37:35,running,79.9635498046875,13151.740234375,6.080073692125167,2.7409999370574947,3.686000108718872,1093.0,129.0,155.0,177.0,14.001,256.998,4043.893,475.755,0.0,51.0,159.40625,168.0,49.807818830013275,51.49043029546738,,,,36.466304836794734,-6.195872230455279,San Fernando
18394037263,San Fernando - Carrera progresiva,2025-02-27 18:55:35,running,62.28768310546875,10731.0703125,5.804424096719733,2.8710000514984126,3.686000108718872,891.0,100.0,154.0,181.0,50.001,731.981,1579.971,1366.88,0.0,51.0,157.171875,202.0,42.6530522108078,40.93375861644745,,,,36.46661429665983,-6.1974551528692245,San Fernando
18384835114,San Fernando Ciclismo,2025-02-26 18:15:18,cycling,57.809183756510414,17499.5703125,3.3034630407591847,5.045000076293944,9.60099983215332,389.0,93.0,114.0,141.0,2635.42,606.027,0.0,0.0,0.0,,,,74.92233836650848,74.82429683208466,,,,36.466597029939294,-6.197526315227151,San Fernando
18375552750,San Fernando - Series medias s5,2025-02-25 19:00:24,running,49.33396809895833,7510.6201171875,6.5685612278620225,2.5369999408721924,4.189000129699707,621.0,79.0,147.0,175.0,327.67,912.472,964.827,741.509,0.0,51.0,147.359375,175.0,27.241123907268047,48.625308744609356,,,,36.466681687161326,-6.19770216755569,San Fernando
18363179434,Fuerza,2025-02-24 07:43:10,strength_training,48.693965657552084,0.0,,0.0,,214.0,78.0,92.0,135.0,601.291,83.01,0.0,0.0,0.0,,,,,,,,,,,
18342638699,Sevilla - Test 5km,2025-02-22 09:01:25,running,24.108083089192707,5003.97021484375,4.817791084702827,3.4590001106262207,4.2829999923706055,377.0,38.0,149.0,160.0,13.999,33.001,1394.451,0.0,0.0,,163.046875,176.0,24.957921028137207,21.764498710632324,,,,37.371915159747005,-5.987050859257579,Sevilla
18331080442,Puerto Real Carrera,2025-02-20 19:38:28,running,41.457767740885416,6999.68994140625,5.922800593729796,2.813999891281128,4.124000072479248,553.0,65.0,150.0,182.0,11.801,688.994,1332.194,454.462,0.0,51.0,158.5625,172.0,27.773147106170654,27.603987216949463,,,,36.52402597479522,-6.177161308005452,Puerto Real
18321606230,Puerto Real - Series cortas,2025-02-19 18:21:57,running,40.46855061848958,6665.080078125,6.071727592787463,2.744999885559082,4.086999893188477,543.0,64.0,154.0,181.0,52.997,211.566,1327.845,783.565,0.0,51.0,155.625,179.0,44.06328356266022,42.701544404029846,,,,36.52366471476853,-6.177828088402748,Puerto Real
18317209383,Fuerza,2025-02-19 07:40:51,strength_training,48.75508219401042,0.0,,0.0,,247.0,76.0,100.0,143.0,1088.209,248.0,8.0,0.0,0.0,,,,,,,,,,,
18301694021,Fuerza,2025-02-17 07:39:32,strength_training,78.60144856770833,0.0,,0.0,,369.0,123.0,99.0,133.0,1918.51,281.998,0.0,0.0,0.0,,,,,,,,,,,
18280866031,Puerto Real Carrera,2025-02-15 08:43:50,running,96.05345052083334,15999.400390625,6.0035656446923324,2.7760000228881836,3.181999921798706,1275.0,151.0,152.0,175.0,30.0,214.999,4743.966,759.944,0.0,51.0,162.875,172.0,55.521221935749054,61.982427299022675,,,,36.52513263747096,-6.18237242102623,Puerto Real
18277211786,San Fernando - Ritmo controlado,2025-02-14 18:44:12,running,57.94668375651042,9827.4296875,5.896423133936608,2.8269999027252193,3.331000089645386,804.0,91.0,161.0,182.0,4.998,500.073,1447.863,1522.708,0.0,51.0,157.984375,166.0,50.17448724806309,53.9267493635416,,,,36.46469106897712,-6.194917531684041,San Fernando
18251212334,San Fernando - Series medias,2025-02-11 18:29:23,running,41.43278401692708,7020.0,5.902105985317248,2.8239998817443848,4.067999839782715,543.0,65.0,149.0,183.0,128.001,768.911,878.527,691.73,0.0,51.0,153.734375,171.0,51.9195020198822,50.193361043930054,,,,36.46703967824578,-6.196721149608493,San Fernando
18241652316,San Fernando Carrera,2025-02-10 17:55:05,running,37.696834309895834,6023.009765625,6.258803451563735,2.663000106811523,3.125999927520752,445.0,59.0,137.0,148.0,35.999,2043.734,165.0,0.0,0.0,,155.4375,161.0,2.4785218238830566,25.933515548706055,,,,36.46672326140106,-6.200565844774246,San Fernando
18220955711,Segura de León - Tirada larga,2025-02-08 11:06:29,running,73.45575358072917,11004.6103515625,6.674998135694962,2.496999979019165,3.312000036239624,893.0,115.0,141.0,156.0,252.997,1806.933,2327.136,0.0,0.0,50.0,150.65625,216.0,167.644287109375,172.9034423828125,,,,38.11845079064369,-6.532104564830661,Segura de León
18207457462,San Fernando - Ritmo controlado,2025-02-06 18:52:49,running,40.02143147786458,6745.259765625,5.933267638085735,2.809000015258789,3.2839999198913574,533.0,63.0,158.0,175.0,12.8,138.998,1427.318,814.319,0.0,50.0,156.390625,162.0,41.139606326818466,41.81099686026573,,,,36.46677942015231,-6.197626814246178,San Fernando
18199222113,San Fernando Carrera,2025-02-05 19:29:15,running,27.650716145833332,4308.9501953125,6.41704240998497,2.596999883651733,3.443000078201294,350.0,43.0,151.0,192.0,30.605,406.556,899.274,181.31,125.683,,148.25,167.0,5.156478941440582,12.9052215218544,,,,36.462918212637305,-6.195727894082665,San Fernando
18199218590,San Fernando Ciclismo,2025-02-05 18:12:01,cycling,48.748250325520836,15923.9296875,3.0613203701713996,5.443999767303467,7.978000164031982,280.0,76.0,107.0,137.0,1925.099,252.999,0.0,0.0,0.0,,,,48.35073765181005,45.10480221174657,,,,36.466821413487196,-6.196741433814168,San Fernando
18195071008,Fuerza,2025-02-05 07:59:11,strength_training,54.351566569010416,0.0,,0.0,,246.0,85.0,96.0,134.0,851.715,184.999,0.0,0.0,0.0,,,,,,,,,,,
18189862391,Puerto Real - Series Cortas Semana 2,2025-02-04 20:11:31,running,34.18448486328125,5718.580078125,5.977792458314164,2.7880001068115234,3.9000000953674316,445.0,54.0,150.0,179.0,31.0,828.418,595.917,583.786,0.0,50.0,156.59375,164.0,27.338970184326172,25.301992416381836,,,,36.52379094623029,-6.177040105685592,Puerto Real
18187206583,Fuerza,2025-02-03 07:44:05,strength_training,46.4357177734375,0.0,,0.0,,325.0,73.0,117.0,139.0,1480.866,1001.316,0.0,0.0,0.0,,,,,,,,,,,
18167112709,San Fernando Carrera,2025-02-02 11:59:21,running,28.609983317057292,4489.5,6.37264357212547,2.615000009536743,5.412000179290771,357.0,45.0,136.0,156.0,186.0,851.378,628.964,0.0,0.0,,141.75,189.0,22.112192749977112,3.450257420539856,,,,36.46663349121809,-6.207020580768585,San Fernando
18158771783,San Fernando Ciclismo,2025-02-01 11:37:17,cycling,92.73483072916666,30028.029296875,3.0882756178347512,5.396999835968018,8.91100025177002,635.0,146.0,120.0,152.0,2504.883,2516.364,128.0,0.0,0.0,,,,105.39348316192627,122.76313018798828,,,,36.468647830188274,-6.197357587516308,San Fernando
18152225187,San Fernando - Base,2025-01-31 17:35:42,running,30.072100830078124,4960.5,6.06231243424617,2.7490000724792476,3.507999897003174,394.0,47.0,151.0,166.0,23.0,331.997,1381.851,62.002,0.0,50.0,156.90625,162.0,31.707441329956055,26.983646392822266,,,,36.46668001078069,-6.197736533358693,San Fernando
18152221745,Fuerza,2025-01-31 07:53:13,strength_training,66.88874918619791,0.0,,0.0,,292.0,105.0,95.0,138.0,1206.998,249.002,0.0,0.0,0.0,,,,,,,,,,,
18131048498,Fuerza,2025-01-29 07:39:28,strength_training,49.18809814453125,0.0,,0.0,,275.0,77.0,101.0,161.0,423.982,675.266,164.0,0.0,0.0,,,,,,,,,,,
18105340637,Sevilla Carrera,2025-01-26 09:05:17,running,127.79441731770834,21009.099609375,6.082812671357033,2.740000009536743,3.99399995803833,1737.0,200.0,172.0,193.0,17.974,373.999,766.0,6239.992,268.996,50.0,152.59375,171.0,136.84018325805664,140.8271951675415,,,,37.372795259580016,-5.989920403808355,Sevilla
18063378880,San Fernando - Base,2025-01-21 13:53:16,running,30.02211710611979,4908.8701171875,6.115891516665496,2.7249999046325684,5.803999900817871,380.0,47.0,141.0,160.0,20.0,983.832,787.998,0.0,0.0,50.0,154.453125,179.0,35.007235527038574,31.434914588928223,,,,36.46664614789188,-6.197905344888568,San Fernando
18033926562,Puerto Real Carrera,2025-01-18 09:18:02,running,90.00631510416666,14195.3603515625,6.340544577599227,2.628999948501587,2.8369998931884766,1202.0,141.0,165.0,185.0,31.0,143.003,1570.984,3630.32,9.999,50.0,159.234375,166.0,59.00467526912689,60.16466462612152,,,,36.525140600278974,-6.182351382449269,Puerto Real
18021362444,San Fernando Ciclismo,2025-01-16 18:19:02,cycling,51.592081705729164,15708.08984375,3.284427465014585,5.073999881744385,7.995999813079835,310.0,81.0,111.0,128.0,2687.885,165.998,0.0,0.0,0.0,,,,51.78738375753164,45.772594176232815,,,,36.466870196163654,-6.197222471237183,San Fernando
18013647489,San Fernando - Series largas (calidad),2025-01-15 18:41:00,running,56.540384928385414,9094.4697265625,6.217007327348197,2.680999994277954,3.2750000953674316,718.0,89.0,146.0,170.0,31.002,1394.821,1802.697,148.996,0.0,50.0,154.609375,162.0,69.15575695037842,51.77037525177002,,,,36.46732164546847,-6.197950020432472,San Fernando
18003811922,Puerto Real Carrera,2025-01-14 19:59:18,running,42.88594970703125,6313.60009765625,6.792630043665812,2.4539999961853027,2.575000047683716,491.0,67.0,135.0,143.0,32.001,2478.62,32.0,0.0,0.0,,153.265625,160.0,29.68363094329834,26.34459400177002,,,,36.52384744025767,-6.177540086209774,Puerto Real
17988825904,Fuerza,2025-01-13 07:44:46,strength_training,59.54816487630208,0.0,,0.0,,343.0,93.0,106.0,144.0,1180.702,885.76,26.242,0.0,0.0,,,,,,,,,,,
17981565437,San Fernando Carrera,2025-01-12 11:06:30,running,103.79659830729166,16304.6103515625,6.366088858869581,2.618000030517578,3.003999948501587,1343.0,163.0,162.0,176.0,25.001,196.999,2525.004,3473.064,0.0,50.0,157.703125,164.0,63.32945877313614,62.96431976556778,,,,36.466787718236446,-6.197201935574412,San Fernando
17971231539,San Fernando Carrera,2025-01-11 09:47:58,running,59.265283203125,10005.0,5.923566537043977,2.813999891281128,3.434000015258789,821.0,93.0,164.0,182.0,20.876,313.995,624.005,2597.012,0.0,50.0,156.484375,163.0,27.249166876077652,45.54694786667824,,,,36.46785691380501,-6.196956597268581,San Fernando
17962603210,Fuerza,2025-01-10 07:39:36,strength_training,55.379634602864584,0.0,,0.0,,243.0,87.0,95.0,125.0,1146.042,60.999,0.0,0.0,0.0,,,,,,,,,,,
17958497660,San Fernando Carrera,2025-01-09 18:25:10,running,28.57161661783854,3893.949951171875,7.337438070882236,2.2709999084472656,6.363999843597412,332.0,45.0,141.0,166.0,56.999,788.992,832.966,19.0,0.0,,145.796875,250.0,107.47743082046509,126.02719449996948,,,,36.4668021351099,-6.197669645771384,San Fernando
17950140187,San Fernando Carrera,2025-01-08 18:27:43,running,50.13479817708333,8001.64013671875,6.265565224186927,2.6600000858306885,3.115999937057495,667.0,79.0,157.0,176.0,7.845,392.998,1506.399,1098.96,0.0,50.0,156.109375,163.0,42.46012878417969,37.96722602844238,,,,36.46683029830456,-6.197157176211476,San Fernando
17945615837,Fuerza,2025-01-08 07:39:39,strength_training,54.0142822265625,0.0,,0.0,,295.0,85.0,104.0,149.0,1584.149,217.293,59.997,0.0,0.0,,,,,,,,,,,
17913756521,Benaocaz Caminar,2025-01-04 10:42:14,walking,206.60491536458332,6323.91015625,32.67043810867444,0.5099999904632568,1.5490000247955322,869.0,324.0,92.0,125.0,2154.644,10.999,0.0,0.0,0.0,,,,299.845947265625,276.3270263671875,,,,36.70577564276755,-5.422840481624007,Benaocaz
17893864248,Fuerza,2025-01-02 07:39:43,strength_training,48.45296630859375,0.0,,0.0,,204.0,76.0,91.0,134.0,919.593,89.983,0.0,0.0,0.0,,,,,,,,,,,
17870386622,Fuerza,2024-12-30 07:40:57,strength_training,71.11410319010416,0.0,,0.0,,358.0,112.0,100.0,166.0,1738.874,372.199,241.105,30.0,0.0,,,,,,,,,,,
17843727656,San Fernando Ciclismo,2024-12-26 18:50:30,cycling,55.0495849609375,15410.5,3.572212774467895,4.665999889373779,8.555999755859375,332.0,86.0,111.0,139.0,2125.998,544.688,0.0,0.0,0.0,,,,62.426059037446976,63.13493660092354,,,,36.466896096244454,-6.197658414021134,San Fernando
17843722419,Fuerza,2024-12-26 07:40:43,strength_training,48.11331787109375,0.0,,0.0,,226.0,76.0,97.0,143.0,776.306,335.008,5.0,0.0,0.0,,,,,,,,,,,
17843719599,Fuerza,2024-12-23 07:38:54,strength_training,76.0329833984375,0.0,,0.0,,368.0,119.0,100.0,133.0,1614.019,527.005,0.0,0.0,0.0,,,,,,,,,,,
17807017346,San Fernando Carrera,2024-12-21 11:11:08,running,97.9100341796875,15001.6103515625,6.526634933528295,2.5539999008178706,2.938999891281128,1278.0,154.0,164.0,180.0,15.475,215.0,1480.985,4163.1,0.0,50.0,155.546875,161.0,62.19782042503357,37.948564291000366,,,,36.45601353608072,-6.1983828619122505,San Fernando
17807007801,Fuerza,2024-12-18 07:42:24,strength_training,47.92845052083333,0.0,,0.0,,241.0,75.0,101.0,129.0,1289.527,62.003,0.0,0.0,0.0,,,,,,,,,,,
17807005115,Fuerza,2024-12-16 18:04:16,strength_training,138.88128255208332,0.0,,0.0,,769.0,218.0,109.0,168.0,3380.889,1562.349,179.002,223.999,0.0,,,,,,,,,,,
17806998424,Fuerza,2024-12-11 07:37:45,strength_training,68.00573323567708,0.0,,0.0,,319.0,107.0,98.0,139.0,1418.821,281.996,0.0,0.0,0.0,,,,,,,,,,,
17806994777,Puerto Real Carrera,2024-12-10 18:33:03,running,54.23400065104167,8250.7802734375,6.573196577012504,2.5360000133514404,2.7809998989105225,673.0,85.0,152.0,171.0,46.0,354.995,2380.99,457.12,0.0,50.0,153.984375,172.0,53.649964690208435,52.574779868125916,,,,36.52402781881392,-6.177681405097246,Puerto Real
17713328981,San Fernando Ciclismo,2024-12-08 08:42:02,cycling,113.2476318359375,31051.19921875,3.6471258658362506,4.570000171661377,8.920000076293945,796.0,178.0,125.0,161.0,2447.694,3530.065,552.998,0.0,0.0,,,,162.65142160654068,164.0618115067482,,,,36.466722171753645,-6.194658866152167,San Fernando
17700178565,San Fernando - Intervalos S4,2024-12-06 11:16:31,running,39.75253499348958,6755.7099609375,5.884286806767096,2.8320000171661377,3.686000108718872,539.0,62.0,157.0,182.0,36.001,385.281,945.947,1007.432,0.0,50.0,152.484375,163.0,25.596103072166443,39.02426564693451,,,,36.46707865409553,-6.197623377665877,San Fernando
17696006369,San Fernando Ciclismo,2024-12-05 16:43:52,cycling,69.433984375,19759.30078125,3.5139899505395102,4.743000030517578,8.854999542236328,432.0,109.0,114.0,139.0,2508.411,1078.008,0.0,0.0,0.0,,,,90.15010714530945,264.64697527885437,,,,36.478098006919026,-6.193820759654045,San Fernando
17687389263,Fuerza,2024-12-02 07:42:11,strength_training,56.73208414713542,0.0,,0.0,,327.0,89.0,105.0,154.0,1228.216,545.357,156.002,0.0,0.0,,,,,,,,,,,
17656129185,Sevilla Carrera,2024-11-30 12:50:25,running,83.61183268229166,13008.3095703125,6.427570948427471,2.5929999351501465,3.246999979019165,1069.0,131.0,157.0,186.0,0.0,0.0,0.0,0.0,0.0,50.0,153.625,161.0,116.4945740699768,123.04142427444458,,,,37.38685875199735,-6.0053182952106,Sevilla
17636696867,San Fernando Carrera,2024-11-27 19:00:39,running,45.11018473307292,5557.43017578125,8.117094287510582,2.052999973297119,4.124000072479248,453.0,71.0,130.0,160.0,0.0,0.0,0.0,0.0,0.0,,131.1875,225.0,129.59987330436707,138.20346808433533,,,,36.466817473992705,-6.1977423168718815,San Fernando
17635954887,Fuerza,2024-11-27 07:41:02,strength_training,48.74871826171875,0.0,,0.0,,231.0,76.0,97.0,145.0,0.0,0.0,0.0,0.0,0.0,,,,,,,,,,,
17621272007,San Fernando Carrera,2024-11-25 18:49:53,running,75.521435546875,12002.4404296875,6.292173328357132,2.6489999294281006,3.1719999313354497,970.0,118.0,150.0,177.0,0.0,0.0,0.0,0.0,0.0,50.0,154.90625,164.0,75.27679097652435,74.40284383296967,,,,36.46648068912327,-6.196545632556081,San Fernando
17621256782,Fuerza,2024-11-25 07:39:35,strength_training,48.22726643880208,0.0,,0.0,,313.0,76.0,110.0,162.0,0.0,0.0,0.0,0.0,0.0,,,,,,,,,,,
17602799201,San Fernando Carrera,2024-11-23 10:59:51,running,50.073551432291666,8086.81005859375,6.192002912085111,2.691999912261963,3.266000032424927,674.0,79.0,165.0,182.0,0.0,0.0,0.0,0.0,0.0,50.0,154.375,202.0,25.157897770404816,38.592226803302765,,,,36.466730050742626,-6.1969721876084805,San Fernando
17602793296,Fuerza,2024-11-22 18:09:52,strength_training,0.36225001017252606,0.0,,0.0,,2.0,1.0,104.0,111.0,0.0,0.0,0.0,0.0,0.0,,,,,,,,,,,
17584454303,San Fernando - Sesión de intervalos,2024-11-20 18:51:12,running,35.74261474609375,6059.490234375,5.898617435395601,2.8259999752044678,3.499000072479248,476.0,56.0,151.0,184.0,0.0,0.0,0.0,0.0,0.0,50.0,152.890625,161.0,48.65277963876724,52.86101061105728,,,,36.46687740460038,-6.197729995474219,San Fernando
17580940695,Fuerza,2024-11-20 07:50:09,strength_training,42.13675130208333,0.0,,0.0,,281.0,66.0,114.0,156.0,0.0,0.0,0.0,0.0,0.0,,,,,,,,,,,
17562440566,San Fernando Carrera,2024-11-17 19:00:16,running,64.60333251953125,10009.1796875,6.454408306827717,2.5820000171661377,2.865000009536743,870.0,101.0,165.0,187.0,0.0,0.0,0.0,0.0,0.0,50.0,153.453125,163.0,63.86972367763519,63.29854714870453,,,,36.46659476682544,-6.1973656341433525,San Fernando
17562436469,Fuerza,2024-11-15 19:05:47,strength_training,42.65678304036458,0.0,,0.0,,337.0,67.0,123.0,149.0,0.0,0.0,0.0,0.0,0.0,,,,,,,,,,,
17530599013,San Fernando Carrera,2024-11-13 19:32:24,running,25.23513387044271,3560.139892578125,7.088242212911564,2.3510000705718994,7.651000022888184,330.0,40.0,154.0,181.0,0.0,0.0,0.0,0.0,0.0,,132.671875,227.0,19.0533504486084,19.334049224853516,,,,36.46685292944312,-6.198943192139268,San Fernando
17530283330,Carrera,2024-10-23 07:27:37,running,43.53541666666667,6704.5400390625,6.493423324048678,2.566999912261963,3.200000047683716,614.0,68.0,161.0,184.0,0.0,0.0,0.0,0.0,0.0,,152.34375,159.0,,,,,,,,
17530281303,San Fernando Carrera,2024-10-19 12:44:44,running,52.921366373697914,8010.85009765625,6.606211042343835,2.5230000019073486,2.809000015258789,683.0,83.0,160.0,176.0,0.0,0.0,0.0,0.0,0.0,50.0,153.546875,161.0,7.937028884887695,34.70049774646759,,,,36.46761576645076,-6.198101146146655,San Fernando
17530275287,Puerto Real Carrera,2024-10-17 20:27:19,running,30.02071736653646,4884.81005859375,6.145728699055883,2.711999893188476,3.2279999256134033,406.0,47.0,157.0,173.0,0.0,0.0,0.0,0.0,0.0,50.0,152.953125,160.0,84.36140441894531,85.48541736602783,,,,36.53134169988334,-6.185387475416064,Puerto Real
17530272968,Carrera,2024-10-08 20:49:09,running,30.84288330078125,4708.64013671875,6.5502740505190395,2.5439999103546143,12.055000305175781,368.0,48.0,146.0,179.0,0.0,0.0,0.0,0.0,0.0,,140.1875,237.0,,,,,,,,
17121618939,Puerto Real Carrera,2024-09-24 19:00:57,running,61.88529866536458,10006.51953125,6.1844978638275805,2.694999933242798,3.45199990272522,840.0,97.0,166.0,182.0,0.0,0.0,0.0,0.0,0.0,50.0,154.921875,180.0,56.51373215019703,57.756666377186775,,,,36.52398934587836,-6.177550395950675,Puerto Real
17113526639,Carrera,2024-09-23 20:52:43,running,35.72833251953125,5478.080078125,6.5220537140742385,2.5550000667572017,7.306000232696533,440.0,56.0,148.0,173.0,0.0,0.0,0.0,0.0,0.0,,147.46875,189.0,,,,,,,,
17113525635,San Fernando Carrera,2024-09-08 20:03:37,running,49.91836751302083,8000.3798828125,6.239499654292946,2.6710000038146973,3.7699999809265137,654.0,78.0,161.0,177.0,0.0,0.0,0.0,0.0,0.0,50.0,154.328125,169.0,59.86262983083725,57.656430184841156,,,,36.46713833324611,-6.194099122658372,San Fernando
17113522669,Conil de la Frontera Ciclismo,2024-09-08 10:19:52,cycling,100.43663736979167,24144.75,4.159771269936184,4.006999969482422,9.572999954223633,624.0,158.0,116.0,161.0,0.0,0.0,0.0,0.0,0.0,,,,120.73463916778564,114.61907482147217,,,,36.31777281872928,-6.154961083084345,Conil de la Frontera
17113517057,San Fernando Carrera,2024-09-05 20:43:17,running,40.00780029296875,6150.64013671875,6.504656329042224,2.5620000362396236,3.5269999504089355,492.0,63.0,149.0,161.0,0.0,0.0,0.0,0.0,0.0,50.0,152.75,163.0,13.988618671894073,7.97696328163147,,,,36.4545673225075,-6.200571293011308,San Fernando
17113515056,San Fernando Carrera,2024-09-03 20:21:27,running,43.33489990234375,6733.669921875,6.4355545200643105,2.589999914169311,4.413000106811523,564.0,68.0,164.0,190.0,0.0,0.0,0.0,0.0,0.0,50.0,150.109375,170.0,12.968492090702057,9.346039831638336,,,,36.45646758377552,-6.19206927716732,San Fernando
16172654790,Conil de la Frontera Ciclismo,2024-06-30 10:46:29,cycling,147.072900390625,36221.71875,4.060351233074079,4.105000019073486,8.994999885559082,1021.0,231.0,124.0,164.0,0.0,0.0,0.0,0.0,0.0,,,,280.2389333844185,276.4125135540962,,,,36.31793945096433,-6.154776094481349,Conil de la Frontera
16086054063,San Fernando Carrera,2024-06-22 21:02:16,running,40.6496826171875,6699.56982421875,6.067506374848141,2.746999979019165,4.525000095367432,525.0,64.0,154.0,167.0,0.0,0.0,0.0,0.0,0.0,51.0,147.5625,173.0,23.51687079668045,11.25941687822342,,,,36.45687125623226,-6.197908446192741,San Fernando
16002294621,San Fernando - Rodaje Tempo,2024-06-19 18:51:45,running,42.113916015625,6820.02001953125,6.17504287304417,2.6989998817443848,3.25600004196167,560.0,66.0,158.0,180.0,0.0,0.0,0.0,0.0,0.0,51.0,149.171875,163.0,32.394440323114395,33.17728105187416,,,,36.466422183439136,-6.198159651830792,San Fernando
15929896517,Puerto Real - Extensivo,2024-06-15 20:12:35,running,60.406315104166666,9818.08984375,6.152552692581044,2.7090001106262207,3.1630001068115234,823.0,95.0,160.0,182.0,0.0,0.0,0.0,0.0,0.0,51.0,156.640625,191.0,58.822513431310654,59.659987300634384,,,,36.52403712272644,-6.177749549970031,Puerto Real
15911436534,"San Fernando - Intermitente 30""/30""",2024-06-14 19:36:40,running,44.28626708984375,7044.83984375,6.286341218833154,2.6510000228881836,3.927999973297119,593.0,69.0,154.0,184.0,0.0,0.0,0.0,0.0,0.0,52.0,148.890625,169.0,182.38149469345808,177.92447298020124,,,,36.46591817960143,-6.196473380550742,San Fernando
15744981108,San Fernando - 20´ Progresivo (RPE),2024-06-04 21:09:25,running,48.394283040364584,7348.33984375,6.585743728432141,2.5309998989105225,3.638999938964844,579.0,76.0,141.0,184.0,0.0,0.0,0.0,0.0,0.0,52.0,144.875,159.0,28.459066554903984,38.316594287753105,,,,36.46669610403478,-6.196414288133383,San Fernando
15617426586,San Fernando - Rodaje Z2-Z2+,2024-05-27 21:24:58,running,43.336083984375,7147.93017578125,6.0627458465119215,2.7490000724792476,3.23799991607666,520.0,68.0,143.0,170.0,0.0,0.0,0.0,0.0,0.0,52.0,152.15625,163.0,51.469009548425674,24.15528455376625,,,,36.44265253096819,-6.208526808768511,San Fernando
15453213397,San Fernando - Fartlek,2024-05-18 13:15:14,running,45.2226318359375,6951.5400390625,6.505411978039375,2.5620000362396236,3.750999927520752,583.0,71.0,155.0,185.0,0.0,0.0,0.0,0.0,0.0,52.0,144.234375,163.0,249.3212319612503,249.15151226520538,,,,36.4664464071393,-6.198126124218106,San Fernando
15413995795,Puerto Real - Rodaje Z2-Z2+,2024-05-15 20:37:09,running,48.556298828125,7338.7001953125,6.6164712463849815,2.5190000534057613,3.0980000495910645,603.0,76.0,145.0,171.0,0.0,0.0,0.0,0.0,0.0,52.0,146.796875,161.0,28.722925662994385,28.20275640487671,,,,36.523979203775525,-6.177497422322631,Puerto Real
15353050929,Conil de la Frontera Ciclismo,2024-05-12 10:27:18,cycling,119.14381510416666,27045.529296875,4.405305357360237,3.782999992370606,9.517000198364258,678.0,187.0,111.0,146.0,0.0,0.0,0.0,0.0,0.0,,,,115.06936264038086,113.58046340942383,,,,36.31773577071726,-6.15432707592845,Conil de la Frontera
15343932492,Conil de la Frontera Carrera,2024-05-11 19:42:35,running,43.20433349609375,6766.009765625,6.385496768803853,2.609999895095825,3.5829999446868896,547.0,68.0,149.0,175.0,0.0,0.0,0.0,0.0,0.0,52.0,150.671875,162.0,8.118858337402344,28.332072973251343,,,,36.3294265139848,-6.147666396573186,Conil de la Frontera
15221055214,San Fernando Carrera,2024-05-04 13:18:00,running,30.28594970703125,4857.64990234375,6.2346917369279105,2.6730000972747803,3.2190001010894775,378.0,48.0,146.0,164.0,0.0,0.0,0.0,0.0,0.0,52.0,153.703125,161.0,2.800729811191559,188.0053352713585,,,,36.45751481875777,-6.190484007820487,San Fernando
15117089309,Madrid Carrera,2024-04-28 09:53:27,running,126.24761555989583,21178.73046875,5.961056813399598,2.7960000038146973,3.490000009536743,1805.0,199.0,172.0,187.0,0.0,0.0,0.0,0.0,0.0,52.0,156.640625,168.0,370.10992431640625,401.67681884765625,,,,40.43724546208978,-3.690010830760002,Madrid
15099994304,Madrid - Activar,2024-04-27 12:47:05,running,23.59215087890625,3695.4599609375,6.384090513301398,2.6110000610351562,6.157999992370606,305.0,37.0,145.0,172.0,0.0,0.0,0.0,0.0,0.0,52.0,155.734375,197.0,57.88018798828125,50.87786865234375,,,,40.399742564186454,-3.7001546937972307,Madrid
15060540284,San Fernando - Afinamiento 1/2M (leer estrategi,2024-04-24 13:45:02,running,44.81160074869792,6906.52001953125,6.488303895735223,2.5690000057220455,4.14300012588501,552.0,71.0,150.0,179.0,0.0,0.0,0.0,0.0,0.0,52.0,137.59375,173.0,37.08371016383171,36.10100409388542,,,,36.46665260195732,-6.197919677942991,San Fernando
15005722676,San Fernando - Extensivo Z2-Z2+,2024-04-21 11:52:01,running,111.36119791666667,13528.740234375,8.231453630376496,2.0250000953674316,3.1540000438690186,1131.0,157.0,157.0,172.0,0.0,0.0,0.0,0.0,0.0,52.0,130.671875,165.0,76.10499104484916,230.9965430162847,,,,36.466727033257484,-6.197791434824467,San Fernando
14988340612,San Fernando - Continuo Variable,2024-04-20 11:46:39,running,62.8496826171875,10129.2197265625,6.204790133278752,2.686000108718872,3.6579999923706055,876.0,99.0,167.0,190.0,0.0,0.0,0.0,0.0,0.0,52.0,146.453125,222.0,186.14441895484924,186.74772667884827,,,,36.466384045779705,-6.196699356660247,San Fernando
14949746537,San Fernando - Cuestas Z5 + 5k Z3,2024-04-17 19:09:06,running,58.90433349609375,8776.25,6.71178846273679,2.4830000400543213,4.328999996185303,760.0,93.0,158.0,184.0,0.0,0.0,0.0,0.0,0.0,52.0,140.5625,177.0,87.02145099639893,87.61513805389404,,,,36.46695535629988,-6.197839295491576,San Fernando
14875592677,Sevilla - Extensivo Z2-Z2+,2024-04-13 11:13:45,running,79.9724365234375,12543.33984375,6.375689211935493,2.614000082015991,3.0880000591278076,1062.0,126.0,160.0,181.0,0.0,0.0,0.0,0.0,0.0,52.0,150.5625,165.0,134.07949671149254,148.78020605444908,,,,37.38542779348791,-6.002372056245804,Sevilla
14857143697,Puerto Real - Umbral (MLSS),2024-04-10 19:21:01,running,50.28668212890625,8202.7900390625,6.130436338055233,2.7190001010894775,3.7139999866485596,678.0,79.0,161.0,186.0,0.0,0.0,0.0,0.0,0.0,52.0,145.75,217.0,27.79936933517456,25.239806652069092,,,,36.523830592632294,-6.1772239208221436,Puerto Real
14802155467,San Fernando Carrera,2024-04-08 21:20:40,running,43.002665201822914,6454.93017578125,6.661987663812062,2.502000093460083,2.8550000190734863,506.0,68.0,141.0,169.0,0.0,0.0,0.0,0.0,0.0,52.0,151.96875,159.0,51.343480601906776,33.098670199513435,,,,36.45589912310243,-6.198371713981032,San Fernando
14646112143,San Fernando - Rodaje Z2-Z2+,2024-03-29 14:44:38,running,41.4521484375,6503.72998046875,6.373596161277344,2.615000009536743,3.555000066757202,539.0,65.0,155.0,173.0,0.0,0.0,0.0,0.0,0.0,52.0,149.421875,164.0,32.02272525429726,40.1645328104496,,,,36.467241095378995,-6.197075787931681,San Fernando
14620318491,San Fernando - Series largas progresivas,2024-03-28 13:37:23,running,60.85086669921875,9784.8701171875,6.21887321655214,2.680000066757202,3.6019999980926514,821.0,96.0,162.0,185.0,0.0,0.0,0.0,0.0,0.0,52.0,145.359375,161.0,12.669105529785156,32.32265663146973,,,,36.46666274406016,-6.197610218077898,San Fernando
14558894369,San Fernando - Rodaje Z2-Z2+,2024-03-24 11:14:09,running,58.074214680989584,8952.3701171875,6.487021193359053,2.5690000057220455,3.490000009536743,736.0,91.0,152.0,170.0,0.0,0.0,0.0,0.0,0.0,52.0,149.484375,167.0,42.26873776316643,55.74201199412346,,,,36.466470966115594,-6.196546722203493,San Fernando
14558812072,Puerto Real - Umbral Intervalos cortos (Z3+),2024-03-23 17:55:37,running,55.6919677734375,9107.7197265625,6.114809133949619,2.7260000705718994,3.759999990463257,781.0,88.0,161.0,187.0,0.0,0.0,0.0,0.0,0.0,52.0,143.3125,166.0,46.507851123809814,43.29560947418213,,,,36.52397400699556,-6.177463056519628,Puerto Real
14520345363,Puerto Real - Fuerza Específica,2024-03-21 20:02:20,running,48.94961751302083,7360.64013671875,6.6501848485751065,2.50600004196167,5.653999805450439,609.0,77.0,145.0,171.0,0.0,0.0,0.0,0.0,0.0,52.0,145.796875,187.0,85.75346088409424,67.22951745986938,,,,36.52420274913311,-6.175152501091361,Puerto Real
14486018000,San Fernando - Rodaje Z2-Z2+,2024-03-19 18:10:01,running,41.58486735026042,6764.990234375,6.147069827086356,2.7109999656677246,3.0980000495910645,526.0,65.0,141.0,168.0,0.0,0.0,0.0,0.0,0.0,52.0,156.03125,168.0,35.303825572133064,32.59535808861256,,,,36.466428553685546,-6.1965636536479,San Fernando
14372771269,San Fernando - Umbral extensivo,2024-03-11 19:05:18,running,46.60201822916667,7693.3701171875,6.057425747014908,2.750999927520752,3.0880000591278076,600.0,73.0,142.0,158.0,0.0,0.0,0.0,0.0,0.0,52.0,159.4375,168.0,12.93165311217308,22.734867185354233,,,,36.46541819907725,-6.195142334327102,San Fernando
14337823050,San Fernando Carrera,2024-03-10 10:06:59,running,40.76021728515625,7459.5400390625,5.464173001513765,3.0499999523162846,3.9189999103546147,618.0,64.0,172.0,190.0,0.0,0.0,0.0,0.0,0.0,52.0,162.453125,172.0,50.38334238529205,41.13083040714264,,,,36.466320091858506,-6.194636821746826,San Fernando
14313140608,San Fernando Carrera,2024-03-08 17:19:48,running,29.108400472005208,4661.91015625,6.243878473930041,2.668999910354614,3.003999948501587,362.0,46.0,139.0,163.0,0.0,0.0,0.0,0.0,0.0,52.0,155.6875,161.0,33.142513692379,29.32887691259384,,,,36.46598129533231,-6.196754341945052,San Fernando
14284149847,Puerto Real - Rodaje Z2-Z2+,2024-03-06 19:14:22,running,30.023234049479168,4585.5498046875,6.547357531432421,2.5460000038146973,3.125999927520752,366.0,47.0,127.0,141.0,0.0,0.0,0.0,0.0,0.0,,154.9375,193.0,21.44439971446991,16.684103846549988,,,,36.523716263473034,-6.177749214693904,Puerto Real
14230233529,Paris Carrera,2024-03-03 11:03:15,running,119.68269856770833,21248.1796875,5.632609490690441,2.9590001106262207,3.686000108718872,1741.0,188.0,168.0,191.0,0.0,0.0,0.0,0.0,0.0,52.0,162.09375,170.0,157.3475112915039,151.06371307373047,,,,48.84979412890971,2.354547092691064,Paris
14191145234,Paris - Afinamiento 1/2M,2024-02-29 19:20:53,running,36.89468180338542,6033.8798828125,6.114586720309079,2.7260000705718994,3.815999984741211,464.0,58.0,146.0,168.0,0.0,0.0,0.0,0.0,0.0,52.0,158.390625,170.0,37.587257385253906,37.7056884765625,,,,48.838239926844835,2.3890220280736685,Paris
14182922052,Paris - Afinamiento 1/2M,2024-02-28 20:58:53,running,40.947001139322914,6971.14013671875,5.873788266519669,2.8369998931884766,3.956000089645386,538.0,64.0,151.0,174.0,0.0,0.0,0.0,0.0,0.0,52.0,158.46875,176.0,213.7926483154297,214.01105117797852,,,,48.838686514645815,2.388511234894395,Paris
14176052517,Paris - Rodaje Z2-Z2+,2024-02-27 19:23:49,running,30.01318359375,4635.41015625,6.474763307251836,2.5739998817443848,3.2190001010894775,352.0,47.0,136.0,146.0,0.0,0.0,0.0,0.0,0.0,52.0,155.609375,163.0,45.23574447631836,49.42267990112305,,,,48.83889966644347,2.388808708637953,Paris
14122783298,Paris - Resistencia a la fatiga,2024-02-25 10:15:34,running,110.2997802734375,18377.7890625,6.00179814330903,2.776999950408935,3.368000030517578,1467.0,173.0,158.0,179.0,0.0,0.0,0.0,0.0,0.0,52.0,159.90625,166.0,70.85909652709961,81.39564895629883,,,,48.83841913193464,2.3896825220435858,Paris
14097374315,Paris - Progresivo,2024-02-23 15:54:44,running,64.99363199869792,10950.7900390625,5.935063293776934,2.808000087738037,3.434000015258789,858.0,102.0,151.0,169.0,0.0,0.0,0.0,0.0,0.0,52.0,158.671875,168.0,49.33250045776367,55.988739013671875,,,,48.83921784348786,2.3884689062833786,Paris
14084690402,Paris - Intervalos combinados Z3+ y Z3,2024-02-21 18:51:14,running,53.2760986328125,9132.3896484375,5.8337522470832965,2.857000112533569,3.742000102996826,743.0,84.0,160.0,179.0,0.0,0.0,0.0,0.0,0.0,52.0,157.046875,185.0,58.36222839355469,55.828338623046875,,,,48.83827739395201,2.3888597544282675,Paris
14041553166,Paris - Rodaje Z2-Z2+,2024-02-19 19:58:37,running,57.546451822916666,9103.349609375,6.321459055428673,2.63700008392334,4.067999839782715,678.0,91.0,136.0,149.0,0.0,0.0,0.0,0.0,0.0,52.0,156.234375,164.0,105.2076768875122,77.13125228881836,,,,48.83848023600876,2.388350637629628,Paris
13974202402,Paris - Rodaje Z2-Z2+,2024-02-15 14:29:42,running,46.705301920572914,7321.97021484375,6.378788843730581,2.61299991607666,3.069999933242798,542.0,73.0,134.0,147.0,0.0,0.0,0.0,0.0,0.0,,157.78125,164.0,44.5067024230957,39.614383697509766,,,,48.840304305776954,2.3885257355868816,Paris
13963743680,Paris - Variable Específico,2024-02-14 17:27:28,running,69.86393229166667,11553.3798828125,6.047055753407749,2.7560000419616695,4.078000068664551,949.0,110.0,161.0,181.0,0.0,0.0,0.0,0.0,0.0,52.0,155.203125,171.0,53.85515594482422,51.4847412109375,,,,48.83887695148587,2.389244232326746,Paris
13949698795,Paris - Rodaje Z2-Z2+,2024-02-13 18:47:13,running,43.024698893229164,6640.10986328125,6.479516119326413,2.572000026702881,3.443000078201294,492.0,68.0,135.0,148.0,0.0,0.0,0.0,0.0,0.0,,154.609375,164.0,22.05733871459961,26.345809936523438,,,,48.838083520531654,2.3890700563788414,Paris
13932115462,Paris - Intervalos Z3+,2024-02-12 17:15:06,running,68.2474853515625,11482.990234375,5.9433548194841865,2.803999900817871,7.511000156402588,887.0,107.0,144.0,182.0,0.0,0.0,0.0,0.0,0.0,52.0,154.25,169.0,69.8774185180664,75.32622909545898,,,,48.839229410514235,2.3884238954633474,Paris
13913191184,Paris - Extensivo (leer nutrición),2024-02-11 11:22:01,running,106.70782063802083,17197.359375,6.204895665153292,2.686000108718872,3.2279999256134033,1381.0,168.0,155.0,173.0,0.0,0.0,0.0,0.0,0.0,52.0,157.578125,164.0,61.06061935424805,67.3738784790039,,,,48.83884166367352,2.388258520513773,Paris
13876427123,Paris - Intervalos Z3,2024-02-08 18:48:38,running,63.93494873046875,10782.400390625,5.9295654412962095,2.811000108718872,5.11299991607666,834.0,101.0,149.0,169.0,0.0,0.0,0.0,0.0,0.0,52.0,156.265625,179.0,59.90211486816406,60.335350036621094,,,,48.838217379525304,2.3892677016556263,Paris
13863496128,Paris - Rodaje Z2-Z2+,2024-02-07 18:35:52,running,60.027201334635414,9170.91015625,6.545391930780906,2.5460000038146973,3.331000089645386,702.0,94.0,139.0,155.0,0.0,0.0,0.0,0.0,0.0,52.0,151.875,169.0,98.55580520629883,100.01314926147461,,,,48.83859724737704,2.3888014163821936,Paris
13831204384,Paris - Intervalos Z3+,2024-02-05 18:54:07,running,69.09567057291666,10746.400390625,6.42965719323046,2.5920000076293945,3.7699999809265137,838.0,109.0,146.0,178.0,0.0,0.0,0.0,0.0,0.0,52.0,146.859375,211.0,41.67848205566406,50.72176742553711,,,,48.83192558772862,2.3981273733079433,Paris
13796989501,Puerto Real - Rodaje Largo Z2-Z2+,2024-02-03 12:52:18,running,48.337467447916666,7656.60009765625,6.313176453177066,2.640000104904175,2.865000009536743,614.0,76.0,147.0,168.0,0.0,0.0,0.0,0.0,0.0,51.0,155.796875,165.0,35.42857524752617,40.637436121702194,,,,36.52614299207926,-6.183497607707977,Puerto Real
13769293267,Puerto Real - Rodaje Tempo,2024-02-01 18:34:45,running,46.82568359375,7962.31005859375,5.880916875776631,2.8340001106262207,3.125999927520752,619.0,74.0,146.0,168.0,0.0,0.0,0.0,0.0,0.0,52.0,155.0,164.0,53.633148193359375,52.26845455169678,,,,36.52403259649873,-6.177580486983061,Puerto Real
13761730709,Puerto Real - Rodaje Z2-Z2+,2024-01-31 18:54:12,running,45.04696858723958,6971.35009765625,6.461728066473703,2.5789999961853027,2.938999891281128,545.0,71.0,140.0,158.0,0.0,0.0,0.0,0.0,0.0,51.0,151.390625,206.0,20.991102695465088,18.47578763961792,,,,36.52391097508371,-6.177581157535315,Puerto Real
13702971760,Puerto Real - Rodaje Largo Z2-Z2+,2024-01-28 11:57:19,running,90.06583658854167,15209.8603515625,5.921542637917071,2.815000057220459,3.115999937057495,1247.0,142.0,161.0,176.0,0.0,0.0,0.0,0.0,0.0,51.0,158.40625,167.0,69.40556963533163,66.29200609773397,,,,36.523913657292724,-6.1775335483253,Puerto Real
13678340771,Paris - Umbral (MLSS),2024-01-26 17:11:12,running,46.65301513671875,7682.33984375,6.072761175057037,2.74399995803833,3.3399999141693115,610.0,73.0,149.0,171.0,0.0,0.0,0.0,0.0,0.0,51.0,152.671875,166.0,41.64753341674805,44.37628936767578,,,,48.838853146880865,2.3887908551841974,Paris
13661631395,Paris - Rodaje Z2-Z2+,2024-01-25 17:34:10,running,46.238566080729164,6885.6298828125,6.715226764678003,2.4820001125335693,3.25600004196167,551.0,73.0,143.0,164.0,0.0,0.0,0.0,0.0,0.0,51.0,151.421875,164.0,64.70460891723633,42.80203628540039,,,,48.838932272046804,2.388231949880719,Paris
13632135499,Paris - Intervalos mixtos,2024-01-23 16:51:10,running,58.775716145833336,9818.740234375,5.986075071022045,2.783999919891357,5.085000038146973,763.0,92.0,151.0,175.0,0.0,0.0,0.0,0.0,0.0,51.0,158.25,168.0,39.10307693481445,41.77499771118164,,,,48.83908825926483,2.3887999914586544,Paris
13599890480,Paris - Rodaje Largo Z2-Z2+,2024-01-21 11:24:13,running,92.29608561197917,15009.1904296875,6.1493047239524445,2.7100000381469727,3.0510001182556157,1126.0,145.0,146.0,162.0,0.0,0.0,0.0,0.0,0.0,51.0,159.078125,166.0,107.32904052734375,113.01744842529297,,,,48.839101921766996,2.388368658721447,Paris
13582755405,Paris - Umbral (MLSS),2024-01-19 16:42:11,running,62.421748860677084,10786.990234375,5.786762340968579,2.880000114440918,3.434000015258789,857.0,98.0,155.0,176.0,0.0,0.0,0.0,0.0,0.0,51.0,158.4375,165.0,47.704620361328125,55.253665924072266,,,,48.83922949433327,2.3883681558072567,Paris
13560441432,Paris - Rodaje Z2-Z2+,2024-01-18 16:43:52,running,44.18485107421875,7004.740234375,6.307850055222091,2.6419999599456787,4.301000118255615,585.0,70.0,152.0,173.0,0.0,0.0,0.0,0.0,0.0,51.0,156.8125,166.0,77.16956996917725,83.16051387786865,,,,48.838758347555995,2.3889516200870275,Paris
13545135889,Puerto Real - Intervalos Z3+,2024-01-16 12:55:40,running,43.376949055989584,7384.06005859375,5.874403608825801,2.8369998931884766,3.750999927520752,592.0,68.0,153.0,176.0,0.0,0.0,0.0,0.0,0.0,51.0,155.796875,166.0,30.9907386302948,28.926841497421265,,,,36.52400736697018,-6.177506977692246,Puerto Real
13500061493,Puerto Real Carrera,2024-01-14 11:36:40,running,80.018017578125,13011.2197265625,6.149924392927408,2.7100000381469727,7.436999797821045,1094.0,126.0,165.0,182.0,0.0,0.0,0.0,0.0,0.0,51.0,155.4375,178.0,75.34646099805832,71.64586704969406,,,,36.52383545413613,-6.1775081511586905,Puerto Real
13463089798,Puerto Real - Umbral (MLSS),2024-01-11 20:06:11,running,54.45403238932292,8359.6298828125,6.513928625151344,2.559000015258789,3.2190001010894775,666.0,86.0,139.0,158.0,0.0,0.0,0.0,0.0,0.0,51.0,148.859375,162.0,26.588806629180908,25.893401622772217,,,,36.523914663121104,-6.177548468112946,Puerto Real
13448822107,Puerto Real - Rodaje Z2-Z2+,2024-01-10 18:55:22,running,44.98210042317708,7031.85009765625,6.3969083240511395,2.605000019073486,3.881999969482422,564.0,71.0,146.0,163.0,0.0,0.0,0.0,0.0,0.0,51.0,154.28125,170.0,29.13312530517578,28.903188705444336,,,,36.52392078191042,-6.177485939115286,Puerto Real
13434401064,Puerto Real - Progresivo Z3,2024-01-09 17:54:45,running,60.13068440755208,10038.669921875,5.989905522894313,2.7820000648498535,3.266000032424927,827.0,95.0,161.0,183.0,0.0,0.0,0.0,0.0,0.0,51.0,154.765625,164.0,52.17518663406372,50.26544713973999,,,,36.52384836226702,-6.1776780523359776,Puerto Real
13399576264,Puerto Real - Rodaje Largo Z2-Z2+,2024-01-07 12:37:18,running,70.08595377604166,11388.6904296875,6.153995861837188,2.7079999446868896,3.0230000019073486,916.0,110.0,153.0,170.0,0.0,0.0,0.0,0.0,0.0,51.0,155.6875,164.0,62.179015427827835,58.94355419278145,,,,36.52454489842057,-6.1797472927719355,Puerto Real
13369295207,Puerto Real - Rodaje Tempo,2024-01-05 11:53:29,running,48.47666829427083,7698.259765625,6.297094378489727,2.6470000743865967,3.003999948501587,646.0,76.0,161.0,183.0,0.0,0.0,0.0,0.0,0.0,51.0,152.484375,164.0,28.13692718744278,27.001626551151276,,,,36.523986076936126,-6.17751544341445,Puerto Real
13363951670,Puerto Real - Umbral (MLSS),2024-01-04 12:24:06,running,41.06133219401042,6468.18994140625,6.348195177626969,2.625,3.45199990272522,544.0,65.0,161.0,189.0,0.0,0.0,0.0,0.0,0.0,51.0,148.71875,165.0,28.11973547935486,25.56393790245056,,,,36.52395045384765,-6.177475210279226,Puerto Real
13343906065,Puerto Real - Rodaje Z2-Z2+,2024-01-03 16:32:41,running,49.82895100911458,7167.2998046875,6.952262688457075,2.3970000743865967,3.190999984741211,636.0,78.0,165.0,182.0,0.0,0.0,0.0,0.0,0.0,51.0,142.84375,164.0,52.098766684532166,50.07388150691986,,,,36.52398674748838,-6.1775947362184525,Puerto Real
13171276098,Puerto Real - Rodaje Z2-Z2+,2023-12-20 18:15:06,running,45.0226318359375,6956.66015625,6.471874552544914,2.575000047683716,2.8550000190734863,546.0,71.0,143.0,159.0,0.0,0.0,0.0,0.0,0.0,51.0,157.859375,162.0,34.45540142059326,32.74911308288574,,,,36.52396185323596,-6.1775638069957495,Puerto Real
13170513743,Puerto Real - Intervalos Z3+,2023-12-18 20:56:27,running,42.382364908854164,6539.7099609375,6.4807713433790335,2.572000026702881,3.443000078201294,499.0,67.0,141.0,165.0,0.0,0.0,0.0,0.0,0.0,51.0,149.078125,166.0,25.139880180358887,23.136448860168457,,,,36.523911729454994,-6.177446208894253,Puerto Real
13120104537,Paris - Fartlek con Resistencia a la fat,2023-12-16 12:12:32,running,82.54981282552083,12602.0,6.550532679377942,2.5439999103546143,11.486000061035156,1094.0,130.0,165.0,180.0,0.0,0.0,0.0,0.0,0.0,51.0,151.703125,166.0,65.24863052368164,68.90865707397461,,,,48.839008966460824,2.3886506259441376,Paris
13105831194,Paris - Continuo Intensivo,2023-12-14 17:28:52,running,52.33704833984375,8543.650390625,6.125841525218952,2.7209999561309814,3.302999973297119,679.0,82.0,156.0,179.0,0.0,0.0,0.0,0.0,0.0,51.0,152.671875,166.0,55.45186996459961,57.841835021972656,,,,48.839126313105226,2.3882798943668604,Paris
13090209791,Paris - Rodaje Z2-Z2+,2023-12-13 16:41:03,running,45.02203369140625,6973.25,6.45639173863066,2.5810000896453857,2.947999954223633,547.0,71.0,142.0,154.0,0.0,0.0,0.0,0.0,0.0,51.0,155.140625,164.0,40.388526916503906,41.821407318115234,,,,48.83925832808018,2.3883001785725355,Paris
13065946826,Paris - Intervalos Z3+,2023-12-11 17:19:05,running,55.634134928385414,8879.8798828125,6.265190032138652,2.6600000858306885,3.490000009536743,729.0,88.0,160.0,182.0,0.0,0.0,0.0,0.0,0.0,51.0,154.765625,166.0,56.71487045288086,55.35462188720703,,,,48.83838820271194,2.388865789398551,Paris
13062937898,Paris Carrera,2023-12-07 10:21:19,running,38.97386474609375,6339.18994140625,6.148082815995889,2.7109999656677246,6.037000179290772,470.0,61.0,131.0,155.0,0.0,0.0,0.0,0.0,0.0,51.0,131.484375,164.0,41.57184982299805,31.74073028564453,,,,48.838386945426464,2.3886403162032366,Paris
13002706401,Paris - Rodaje Largo Z2-Z2+,2023-12-06 13:21:52,running,80.09366861979167,12514.23046875,6.40020725363802,2.6040000915527344,3.125999927520752,1040.0,126.0,158.0,171.0,0.0,0.0,0.0,0.0,0.0,51.0,157.40625,164.0,58.269771575927734,60.66928482055664,,,,48.839135533198714,2.3881927225738764,Paris
12991949353,Paris - Intervalos medios Z3+,2023-12-05 16:41:34,running,52.04573160807292,8295.1796875,6.274213889121727,2.6559998989105225,3.563999891281128,670.0,82.0,154.0,181.0,0.0,0.0,0.0,0.0,0.0,51.0,154.34375,162.0,45.99930191040039,52.71240234375,,,,48.83885079994798,2.3883414175361395,Paris
12927686257,Paris - Intervalos medios Z3+,2023-11-29 16:44:09,running,49.13803304036458,7457.56005859375,6.589022770757329,2.5290000438690186,3.3399999141693115,591.0,77.0,151.0,178.0,0.0,0.0,0.0,0.0,0.0,51.0,145.390625,161.0,46.28989791870117,46.953216552734375,,,,48.839094042778015,2.388536464422941,Paris
12911011777,Paris - Rodaje Z2-Z2+,2023-11-28 16:58:24,running,45.04235026041667,6963.5498046875,6.468303024141006,2.5769999027252197,3.0230000019073486,549.0,71.0,142.0,152.0,0.0,0.0,0.0,0.0,0.0,,154.15625,165.0,13.07529067993164,19.560272216796875,,,,48.839315325021744,2.3884433414787054,Paris
12894880286,Paris - Intervalos cortos Z3+,2023-11-27 16:54:11,running,48.851749674479166,8008.6298828125,6.099888543897003,2.7320001125335693,3.507999897003174,679.0,77.0,162.0,185.0,0.0,0.0,0.0,0.0,0.0,51.0,152.90625,162.0,109.51973533630371,40.7291145324707,,,,48.83785494603217,2.3892440646886826,Paris
12874280800,Paris - Rodaje Largo Z2-Z2+,2023-11-25 12:29:33,running,70.049462890625,11161.2197265625,6.276147643963574,2.6559998989105225,3.200000047683716,905.0,110.0,154.0,168.0,0.0,0.0,0.0,0.0,0.0,51.0,156.578125,164.0,61.21546173095703,62.78232955932617,,,,48.8389896042645,2.3883128352463245,Paris
12849336111,Paris - Rodaje Z2-Z2+,2023-11-23 18:29:21,running,45.03251546223958,6989.08984375,6.443258917684388,2.5869998931884766,3.0980000495910645,596.0,71.0,154.0,169.0,0.0,0.0,0.0,0.0,0.0,51.0,148.890625,160.0,88.39627456665039,60.02837371826172,,,,48.83885633200407,2.388271512463689,Paris
12836844781,Paris - Intervalos Z3 (Umbral),2023-11-22 18:08:01,running,54.009501139322914,9020.3603515625,5.98751036924677,2.783999919891357,3.630000114440918,720.0,85.0,152.0,173.0,0.0,0.0,0.0,0.0,0.0,51.0,153.140625,162.0,39.2875862121582,42.86708068847656,,,,48.83913645520806,2.3883476201444864,Paris
12807921097,Paris - Fartlek Z4,2023-11-20 17:49:16,running,51.60238444010417,8600.669921875,5.9998098879319075,2.778000116348266,4.105999946594238,714.0,81.0,161.0,183.0,0.0,0.0,0.0,0.0,0.0,51.0,152.75,184.0,45.528499603271484,46.236351013183594,,,,48.83866145275533,2.388148969039321,Paris
12790301177,Paris - Progresivo Z2-Z3,2023-11-19 11:05:59,running,45.06098225911458,7452.7900390625,6.046189685062278,2.756999969482422,3.4149999618530273,612.0,71.0,155.0,183.0,0.0,0.0,0.0,0.0,0.0,51.0,152.234375,158.0,48.77996063232422,44.88895797729492,,,,48.83919185958803,2.388280313462019,Paris
12788561784,Paris - Rodaje Z2-Z2+,2023-11-16 18:13:45,running,45.05906575520833,7039.35986328125,6.401017511584497,2.6040000915527344,2.930000066757202,583.0,71.0,143.0,158.0,0.0,0.0,0.0,0.0,0.0,51.0,151.546875,158.0,30.143051147460938,31.443267822265625,,,,48.83880369365215,2.388411909341812,Paris
12754178212,Paris - Intervalos cortos Z3+,2023-11-15 17:07:06,running,50.05953369140625,8169.2998046875,6.127763074955624,2.720000028610229,4.160999774932861,667.0,79.0,158.0,182.0,0.0,0.0,0.0,0.0,0.0,51.0,151.46875,161.0,55.688148498535156,58.938743591308594,,,,48.83924080990255,2.388506541028619,Paris
12717756098,Paris - Rodaje Z2-Z2+,2023-11-13 16:34:17,running,45.03728434244792,7145.4599609375,6.302923057249758,2.6440000534057617,2.9670000076293945,561.0,71.0,146.0,161.0,0.0,0.0,0.0,0.0,0.0,51.0,152.8125,159.0,47.689022064208984,44.51532745361328,,,,48.83579542860389,2.3913068510591984,Paris
12478943493,Paris - Rodaje Z2-Z2+,2023-10-26 18:12:55,running,45.30693359375,7263.89013671875,6.237282329577755,2.671999931335449,3.4149999618530273,561.0,71.0,142.0,157.0,0.0,0.0,0.0,0.0,0.0,51.0,154.03125,163.0,26.81432342529297,27.659915924072266,,,,48.83859674446285,2.3890944477170706,Paris
12468380057,Paris - Intervalos Z3,2023-10-25 17:52:58,running,63.90860188802083,10155.0,6.293313824521992,2.648000001907348,3.5829999446868896,839.0,101.0,152.0,178.0,0.0,0.0,0.0,0.0,0.0,51.0,151.15625,166.0,47.04634094238281,48.506019592285156,,,,48.83884836919606,2.3882907908409834,Paris
12446442788,Paris - Regenerativo Z1-Z2,2023-10-23 18:00:32,running,46.070499674479166,5743.7001953125,8.021048820075572,2.078000068664551,3.246999979019165,466.0,72.0,133.0,150.0,0.0,0.0,0.0,0.0,0.0,51.0,130.328125,164.0,46.69449234008789,41.36335754394531,,,,48.838797910138965,2.3890734929591417,Paris
12418768936,Maisons-Alfort Carrera,2023-10-22 09:32:15,running,52.81566569010417,10008.740234375,5.276954387197388,3.157999992370606,3.750999927520752,801.0,83.0,167.0,191.0,0.0,0.0,0.0,0.0,0.0,51.0,159.34375,170.0,29.404569625854492,26.491662979125977,,,,48.80919353105128,2.4343794398009777,Maisons-Alfort
12398572787,Paris - Rodaje Z2-Z2+,2023-10-19 16:53:04,running,40.10819905598958,5729.72998046875,7.0000155666512445,2.38100004196167,2.697000026702881,481.0,63.0,151.0,163.0,0.0,0.0,0.0,0.0,0.0,51.0,148.34375,159.0,40.46077346801758,48.91690444946289,,,,48.83913402445614,2.388394894078374,Paris
12377858070,Paris - Intervalos Z3+,2023-10-18 17:04:37,running,42.55581868489583,6655.52978515625,6.394054276461594,2.6070001125335693,3.3959999084472656,548.0,67.0,158.0,182.0,0.0,0.0,0.0,0.0,0.0,51.0,151.875,161.0,23.176563262939453,26.454479217529297,,,,48.83817329071462,2.3889245465397835,Paris
12345317393,Paris - Intervalos Z3,2023-10-16 17:42:45,running,70.55402018229167,11268.73046875,6.26104425675539,2.661999940872192,4.2829999923706055,876.0,111.0,143.0,173.0,0.0,0.0,0.0,0.0,0.0,51.0,148.703125,230.0,55.85730743408203,59.04895782470703,,,,48.83905188180506,2.388619026169181,Paris
12308821698,Málaga - Intervalos cortos Z3+,2023-10-14 09:01:22,running,57.52974853515625,10123.5703125,5.682752898364507,2.933000087738037,4.002999782562256,828.0,91.0,164.0,191.0,0.0,0.0,0.0,0.0,0.0,51.0,151.75,174.0,110.01713907718658,109.6913629770279,,,,36.66838531382382,-4.459952088072896,Málaga
12284009644,Paris - Progresivo,2023-10-12 12:11:22,running,83.33085123697917,13003.66015625,6.40826123073722,2.6010000705718994,3.134999990463257,1019.0,131.0,145.0,166.0,0.0,0.0,0.0,0.0,0.0,51.0,154.109375,163.0,74.58443450927734,70.12979888916016,,,,48.83917744271457,2.3881900403648615,Paris
12259498774,Paris - Rodaje Z2-Z2+,2023-10-10 18:35:43,running,44.94603271484375,7197.8701171875,6.244351729481608,2.668999910354614,3.200000047683716,557.0,71.0,144.0,160.0,0.0,0.0,0.0,0.0,0.0,51.0,152.375,161.0,62.71879196166992,66.3042221069336,,,,48.83902388624847,2.388335634022951,Paris
12242666738,Paris - Intervalos Z3,2023-10-09 16:18:07,running,54.58111572265625,8595.759765625,6.349772121474318,2.625,4.050000190734863,677.0,86.0,148.0,168.0,0.0,0.0,0.0,0.0,0.0,50.0,152.515625,169.0,56.53852462768555,51.48942947387695,,,,48.83882657624781,2.388211665675044,Paris
12226621199,Paris - Largo Z2-Z2+,2023-10-08 12:41:50,running,73.364697265625,11012.009765625,6.662244115932373,2.502000093460083,2.930000066757202,824.0,115.0,134.0,149.0,0.0,0.0,0.0,0.0,0.0,,153.578125,160.0,42.66020202636719,51.91426086425781,,,,48.83902229368687,2.3885766975581646,Paris
12223794587,Paris - Rodaje Tempo Z3(-),2023-10-06 19:23:27,running,51.102482096354166,7822.35986328125,6.532872814536837,2.5510001182556152,3.0510001182556157,625.0,80.0,148.0,173.0,0.0,0.0,0.0,0.0,0.0,50.0,150.734375,179.0,87.19108009338379,87.33075523376465,,,,48.838810566812754,2.388466391712427,Paris
12187656310,Paris - Rodaje Z2-Z2+,2023-10-05 18:17:14,running,45.073116048177084,6774.52001953125,6.653329817939756,2.5050001144409175,3.322000026702881,530.0,71.0,137.0,149.0,0.0,0.0,0.0,0.0,0.0,,153.109375,178.0,40.25580978393555,41.19832992553711,,,,48.8388410769403,2.3881729412823915,Paris
12180383292,Paris - Mixto Z3+ y Z3-,2023-10-04 18:53:07,running,51.22183430989583,7918.10009765625,6.46895513799547,2.5759999752044673,3.4800000190734863,608.0,81.0,139.0,167.0,0.0,0.0,0.0,0.0,0.0,50.0,152.40625,181.0,45.534934997558594,51.61533737182617,,,,48.839165372774005,2.3924886155873537,Paris
12128007255,Puerto Real - Rodaje Z2-Z2+,2023-09-28 20:24:36,running,73.01468098958334,11004.0595703125,6.635249520692101,2.5120000839233394,2.947999954223633,871.0,115.0,146.0,164.0,0.0,0.0,0.0,0.0,0.0,50.0,152.40625,158.0,58.06436204910278,55.226548194885254,,,,36.523958249017596,-6.178096225485206,Puerto Real
12115331919,Puerto Real - Mixto Z3+ y Z3-,2023-09-27 07:18:07,running,50.117915852864584,7324.27978515625,6.842709088535374,2.436000108718872,3.443000078201294,596.0,79.0,147.0,173.0,0.0,0.0,0.0,0.0,0.0,50.0,143.65625,163.0,32.43984031677246,32.27739429473877,,,,36.52387132868171,-6.177571602165699,Puerto Real
12108144699,Paris - Progresivo Z2-Z3,2023-09-26 09:12:28,running,57.96704915364583,8732.6201171875,6.637990474308549,2.5109999179840083,3.134999990463257,679.0,91.0,144.0,172.0,0.0,0.0,0.0,0.0,0.0,50.0,150.828125,159.0,52.49484634399414,90.32474517822266,,,,48.83930878713727,2.395896865054965,Paris
12087058303,Paris - Rodaje Largo Z2-Z2+,2023-09-23 12:21:59,running,70.8408203125,11021.25,6.427657508222751,2.5929999351501465,2.986000061035156,837.0,111.0,141.0,159.0,0.0,0.0,0.0,0.0,0.0,50.0,154.359375,160.0,58.028350830078125,64.48524856567383,,,,48.839084319770336,2.388189872726798,Paris
12075449458,Paris - Mixto Z3+ y Z3-,2023-09-21 18:36:02,running,51.40019938151042,8123.3798828125,6.327440070882724,2.6340000629425044,3.6110000610351567,675.0,81.0,157.0,181.0,0.0,0.0,0.0,0.0,0.0,50.0,153.40625,174.0,72.48930358886719,70.06995391845703,,,,48.83895456790924,2.388313841074705,Paris
12071568152,Paris - Rodaje Z2-Z2+,2023-09-20 17:37:26,running,50.96693522135417,7365.41015625,6.919768775959559,2.4089999198913574,2.8269999027252193,590.0,80.0,143.0,164.0,0.0,0.0,0.0,0.0,0.0,50.0,148.921875,193.0,48.441253662109375,42.69428634643555,,,,48.83872968144715,2.3883588518947363,Paris
12059972942,Paris - Intervalos Z3,2023-09-19 17:39:59,running,56.01136474609375,7173.64990234375,7.8079311798856965,2.134999990463257,4.880000114440918,556.0,80.0,135.0,164.0,0.0,0.0,0.0,0.0,0.0,50.0,147.8125,175.0,72.27174758911133,54.04219436645508,,,,48.83882129564881,2.388459937646985,Paris
12034886551,Paris - Intervalos Largos Progresivos Z3,2023-09-16 11:14:31,running,63.536067708333334,8790.8095703125,7.2275559150890265,2.305999994277954,3.1630001068115234,712.0,100.0,144.0,174.0,0.0,0.0,0.0,0.0,0.0,50.0,135.640625,204.0,107.58626174926758,57.9740104675293,,,,48.83883370086551,2.388288192451,Paris
12024567239,Paris - Rodaje Z2-Z2+ (pulso),2023-09-14 18:51:30,running,50.05399983723958,7383.740234375,6.778949184075193,2.4590001106262207,2.921000003814697,563.0,79.0,139.0,155.0,0.0,0.0,0.0,0.0,0.0,50.0,148.53125,157.0,40.6657600402832,43.166072845458984,,,,48.838979210704565,2.388406293466687,Paris
12016291472,Paris - Intervalos cortos Z3,2023-09-13 19:31:59,running,54.52869873046875,7886.990234375,6.913752535512026,2.4110000133514404,3.7980000972747807,599.0,86.0,131.0,160.0,0.0,0.0,0.0,0.0,0.0,50.0,139.296875,223.0,46.096282958984375,35.95469665527344,,,,48.83304893039167,2.409456605091691,Paris
12000748723,Paris - Intervalos Z3,2023-09-11 18:40:51,running,109.85367024739584,9998.009765625,10.987553805467664,1.5169999599456787,3.115999937057495,775.0,144.0,138.0,170.0,0.0,0.0,0.0,0.0,0.0,50.0,88.3125,173.0,120.00033712387085,60.000335693359375,,,,48.83960575796664,2.3894378542900085,Paris
11981969515,Paris - Intervalos Largos Progresivos Z3,2023-09-09 12:23:40,running,31.409600830078126,4145.14013671875,7.577452099108438,2.200000047683716,3.069999933242798,341.0,49.0,140.0,167.0,0.0,0.0,0.0,0.0,0.0,50.0,132.515625,159.0,23.641399383544922,23.792823791503906,,,,48.83918599225581,2.390007907524705,Paris
11970339941,Paris Carrera,2023-09-07 19:24:29,running,45.17171630859375,7299.52978515625,6.188304950882097,2.693000078201294,3.7980000972747807,577.0,71.0,149.0,171.0,0.0,0.0,0.0,0.0,0.0,50.0,153.484375,161.0,45.52250671386719,43.23580551147461,,,,48.838898157700896,2.3887124843895435,Paris
11958246989,Paris Carrera,2023-09-06 09:02:49,running,45.83128255208333,6573.7900390625,6.971820255856454,2.3910000324249268,4.050000190734863,519.0,72.0,142.0,191.0,0.0,0.0,0.0,0.0,0.0,50.0,135.09375,228.0,52.49225616455078,56.72871017456055,,,,48.839010056108236,2.3895486630499363,Paris
11939707377,Paris - Continuo Intensivo I (Tempo),2023-09-03 19:28:13,running,50.141866048177086,7717.56005859375,6.497113811552722,2.565000057220459,3.3589999675750737,606.0,79.0,145.0,177.0,0.0,0.0,0.0,0.0,0.0,50.0,145.8125,163.0,52.17424011230469,46.62648391723633,,,,48.83892707526684,2.3892387840896845,Paris
11916400236,Paris - Rodaje Z2-Z2+,2023-08-31 18:50:47,running,50.020100911458336,7750.81982421875,6.4535238911324,2.582999944686889,2.9670000076293945,631.0,79.0,149.0,167.0,0.0,0.0,0.0,0.0,0.0,50.0,153.359375,161.0,59.20914077758789,63.118072509765625,,,,48.838900588452816,2.3885546531528234,Paris
11908619161,Paris - Interválico Z4,2023-08-30 17:59:37,running,58.726765950520836,8268.6796875,7.102314779383675,2.3469998836517334,3.7320001125335693,651.0,92.0,140.0,179.0,0.0,0.0,0.0,0.0,0.0,50.0,126.71875,218.0,55.33812713623047,66.31295394897461,,,,48.83919831365347,2.392492387443781,Paris
11900847343,Paris Carrera,2023-08-29 17:51:42,running,45.96331787109375,7430.52001953125,6.185747128098488,2.694000005722046,3.7230000495910645,568.0,72.0,144.0,172.0,0.0,0.0,0.0,0.0,0.0,49.0,152.828125,159.0,65.21246337890625,44.400177001953125,,,,48.83929160423577,2.3928405717015266,Paris
11881287681,Conil de la Frontera - Intervalos Z3,2023-08-26 12:33:09,running,320.36383463541665,16804.640625,19.064009863966767,0.8740000128746034,3.434000015258789,784.0,129.0,153.0,193.0,0.0,0.0,0.0,0.0,0.0,49.0,114.78125,158.0,67.50705561041832,51.58839926123619,,,,36.31737652234733,-6.155977807939053,Conil de la Frontera
11858965420,Puerto Real - Variable Z4/Z2,2023-08-23 21:00:21,running,44.3791015625,6922.06982421875,6.411247313228134,2.5999999046325684,3.507999897003174,527.0,70.0,153.0,176.0,0.0,0.0,0.0,0.0,0.0,49.0,152.5625,159.0,32.11909031867981,27.674649477005005,,,,36.52402915991843,-6.177661120891571,Puerto Real
11843263860,Puerto Real - Continuo Variable,2023-08-21 21:00:53,running,53.10135091145833,7612.6298828125,6.97542790453382,2.3889999389648438,4.198999881744385,615.0,84.0,151.0,174.0,0.0,0.0,0.0,0.0,0.0,49.0,141.53125,171.0,36.47611141204834,36.906731605529785,,,,36.52414692565799,-6.177643770352006,Puerto Real
11835993324,Conil de la Frontera - Extensivo (RPE),2023-08-20 20:48:32,running,58.846150716145836,8544.66015625,6.886891888041067,2.4200000762939453,8.779999732971191,686.0,93.0,147.0,168.0,0.0,0.0,0.0,0.0,0.0,49.0,149.984375,206.0,9.429885864257812,2.4386301040649414,,,,36.31869348697364,-6.156364297494292,Conil de la Frontera
11808737978,Puerto Real - Rodaje con sprints,2023-08-17 10:23:01,running,51.792032877604164,7414.0400390625,6.985669433227559,2.385999917984009,6.381999969482422,610.0,81.0,150.0,174.0,0.0,0.0,0.0,0.0,0.0,49.0,150.9375,194.0,37.40865612030029,37.019636154174805,,,,36.52388406917453,-6.1776297725737095,Puerto Real
11763584320,Suances Ciclismo,2023-08-11 11:15:21,cycling,110.87134602864583,26975.9296875,4.110010194755993,4.054999828338623,9.293000221252441,512.0,175.0,100.0,138.0,0.0,0.0,0.0,0.0,0.0,,,,302.7245382927358,303.4183027409017,,,,43.42563006095588,-4.0344334580004215,Suances
11747328977,Ruiloba - Variable Z4/Z2,2023-08-09 10:54:18,running,56.51126708984375,8991.3095703125,6.285098588578532,2.6519999504089355,3.881999969482422,755.0,89.0,163.0,184.0,0.0,0.0,0.0,0.0,0.0,49.0,151.71875,167.0,66.65786743164062,71.2530746459961,,,,43.389565916731954,-4.241915652528405,Ruiloba
11736085125,Puerto Real - Rodaje Z2-Z2+ (pulso),2023-08-07 20:20:28,running,45.03958333333333,6782.39013671875,6.6406653739212675,2.509999990463257,3.1540000438690186,557.0,71.0,153.0,171.0,0.0,0.0,0.0,0.0,0.0,49.0,150.546875,161.0,29.93708610534668,28.993515968322754,,,,36.52380955405533,-6.177273457869887,Puerto Real
11724803486,Puerto Real - Progresivo Z2-Z3,2023-08-05 20:27:50,running,55.233500162760414,7707.31982421875,7.166369298598445,2.3259999752044678,3.573999881744385,639.0,87.0,150.0,176.0,0.0,0.0,0.0,0.0,0.0,49.0,140.421875,212.0,39.889780044555664,41.01984119415283,,,,36.52381952852011,-6.177464062348008,Puerto Real
11708245609,Puerto Real - Intervalos Z3,2023-08-03 20:53:30,running,50.00923258463542,7650.6298828125,6.536616376774874,2.549999952316284,4.815000057220459,591.0,79.0,140.0,167.0,0.0,0.0,0.0,0.0,0.0,49.0,152.09375,161.0,34.32531821727753,28.910553812980652,,,,36.523974342271686,-6.177408741787076,Puerto Real
11693335481,Puerto Real - Rodaje Z2-Z2+ (pulso),2023-08-01 22:04:28,running,45.0260009765625,5955.740234375,7.560101549876875,2.2049999237060547,3.003999948501587,451.0,71.0,132.0,155.0,0.0,0.0,0.0,0.0,0.0,49.0,140.09375,159.0,35.13198375701904,33.33234119415283,,,,36.523898569867015,-6.177652319893241,Puerto Real
11685380567,Puerto Real - Fartlek (Z3+ a Z5),2023-07-31 20:13:44,running,53.57693277994792,8405.1796875,6.374275717106483,2.615000009536743,3.7880001068115234,675.0,84.0,156.0,182.0,0.0,0.0,0.0,0.0,0.0,49.0,149.21875,163.0,43.03366279602051,43.00976276397705,,,,36.5239994879812,-6.177467331290245,Puerto Real
11673690996,Puerto Real - Test 3´ y 10´,2023-07-30 10:02:14,running,72.75006510416667,9389.4501953125,7.748064433046965,2.1510000228881836,5.3460001945495605,716.0,114.0,145.0,188.0,0.0,0.0,0.0,0.0,0.0,48.0,128.375,212.0,59.616144835948944,68.47169744968414,,,,36.52393444441259,-6.177754914388061,Puerto Real
11663026160,Chiclana de la Frontera - Fartlek 1/1,2023-07-28 18:44:09,running,45.0,6381.759765625,7.051346596026701,2.364000082015991,3.115999937057495,563.0,71.0,158.0,175.0,0.0,0.0,0.0,0.0,0.0,48.0,152.078125,158.0,,,,,,36.33272026665509,-6.163842128589749,Chiclana de la Frontera
11656460224,Puerto Real - Rodaje Suave,2023-07-27 20:02:25,running,45.00530192057292,6734.52001953125,6.6827779544867205,2.49399995803833,3.4800000190734863,557.0,71.0,156.0,175.0,0.0,0.0,0.0,0.0,0.0,49.0,151.34375,160.0,38.490808963775635,36.270869731903076,,,,36.525287199765444,-6.179348565638065,Puerto Real
11640707080,Paris Carrera,2023-07-25 18:19:40,running,45.62281494140625,6388.6298828125,7.141251845586877,2.3340001106262207,4.927000045776367,488.0,72.0,142.0,193.0,0.0,0.0,0.0,0.0,0.0,49.0,141.96875,209.0,50.32487869262695,39.791900634765625,,,,48.838936211541295,2.388451723381877,Paris
11627333659,Paris - Progresivo Z2-Z3,2023-07-23 18:54:42,running,58.23328450520833,8301.2998046875,7.014959810549874,2.375999927520752,2.8550000190734863,641.0,92.0,142.0,167.0,0.0,0.0,0.0,0.0,0.0,48.0,145.0625,165.0,34.507659912109375,42.28725051879883,,,,48.83303032256663,2.41245087236166,Paris
11606138807,Paris - Intervalos Z3,2023-07-20 16:34:40,running,50.0163330078125,7187.10986328125,6.959171900703034,2.3949999809265137,3.6670000553131104,540.0,79.0,145.0,175.0,0.0,0.0,0.0,0.0,0.0,48.0,150.375,167.0,61.71150207519531,66.37023544311523,,,,48.83902438916266,2.390090888366103,Paris
11590567700,Paris - Rodaje Z2 (pulso),2023-07-18 18:47:41,running,45.25223388671875,6580.08984375,6.87714529151922,2.4230000972747803,3.38700008392334,517.0,71.0,147.0,163.0,0.0,0.0,0.0,0.0,0.0,48.0,152.5625,160.0,65.54929733276367,65.93412399291992,,,,48.8388133328408,2.3878245893865824,Paris
11582638773,Paris - Fartlek (Z3+ a Z5),2023-07-17 19:08:56,running,53.05284830729167,8370.080078125,6.338391964247032,2.628999948501587,3.7699999809265137,637.0,84.0,147.0,177.0,0.0,0.0,0.0,0.0,0.0,48.0,152.109375,161.0,37.401023864746094,42.57820510864258,,,,48.838901510462165,2.3893003072589636,Paris
11572511140,Paris - Rodaje + Fartlek,2023-07-16 12:58:03,running,56.09870198567708,8600.1103515625,6.523021181406684,2.5550000667572017,4.039999961853027,635.0,88.0,146.0,174.0,0.0,0.0,0.0,0.0,0.0,48.0,153.578125,168.0,42.793121337890625,38.8763313293457,,,,48.83674308657646,2.398129552602768,Paris
11553493467,Paris - Variable Z4/Z2,2023-07-13 18:48:41,running,51.08583170572917,7826.0400390625,6.527673184745023,2.552999973297119,3.7880001068115234,582.0,80.0,147.0,175.0,0.0,0.0,0.0,0.0,0.0,47.0,151.796875,163.0,51.164974212646484,51.44099426269531,,,,48.839032016694546,2.390017295256257,Paris
11539853267,Paris - Rodaje Suave,2023-07-11 20:27:54,running,45.26280110677083,6880.7900390625,6.578140133591089,2.5339999198913574,3.4619998931884766,543.0,71.0,154.0,176.0,0.0,0.0,0.0,0.0,0.0,47.0,153.25,161.0,49.790870666503906,42.27815628051758,,,,48.83315697312355,2.4099209625273943,Paris
11530682172,Paris - Bloques Fartlek RPE,2023-07-10 18:33:19,running,53.20921630859375,8179.8798828125,6.504889689199048,2.5620000362396236,3.6579999923706055,624.0,84.0,148.0,172.0,0.0,0.0,0.0,0.0,0.0,47.0,151.90625,165.0,44.35898971557617,39.770145416259766,,,,48.83892271667719,2.3886639531701803,Paris
11513793311,Paris - Rodaje + Fartlek,2023-07-08 12:35:15,running,50.10165201822917,7395.0,6.775071266832883,2.4600000381469727,3.3399999141693115,627.0,79.0,165.0,187.0,0.0,0.0,0.0,0.0,0.0,46.0,152.125,186.0,88.4441909790039,84.60337829589844,,,,48.838932774960995,2.3852016404271126,Paris
11502220182,Paris Carrera,2023-07-06 19:32:07,running,50.01634928385417,7824.0498046875,6.392641986236931,2.6070001125335693,3.0980000495910645,639.0,79.0,164.0,183.0,0.0,0.0,0.0,0.0,0.0,46.0,153.421875,171.0,37.89966583251953,47.798736572265625,,,,48.8383886218071,2.399206794798374,Paris
11484466955,Paris - Rodaje Suave,2023-07-04 13:16:46,running,40.00904947916667,5597.75,7.147344822324447,2.3320000171661377,2.6410000324249263,441.0,63.0,148.0,168.0,0.0,0.0,0.0,0.0,0.0,46.0,152.34375,162.0,69.20322227478027,46.40178298950195,,,,48.83884065784514,2.388198086991906,Paris
11480349650,"Paris - Fartlek 30""/ Rec (-15"")",2023-07-03 20:13:37,running,51.70673421223958,7615.6298828125,6.78955450933022,2.4549999237060547,4.031000137329102,582.0,81.0,151.0,184.0,0.0,0.0,0.0,0.0,0.0,46.0,146.234375,171.0,52.95058059692383,52.46901321411133,,,,48.83901416324079,2.3879892099648714,Paris
11476295568,Paris Carrera,2023-06-27 20:33:54,running,26.82765096028646,4136.89013671875,6.484980280758749,2.569999933242798,4.160999774932861,339.0,42.0,160.0,177.0,0.0,0.0,0.0,0.0,0.0,45.0,153.140625,161.0,4.588283538818359,9.616840362548828,,,,48.83268699981272,2.408942375332117,Paris
11476294623,Paris Carrera,2023-06-24 13:47:34,running,53.197367350260414,8007.52978515625,6.643417980020962,2.509000062942505,3.0510001182556157,627.0,84.0,155.0,176.0,0.0,0.0,0.0,0.0,0.0,45.0,153.609375,214.0,134.4048614501953,134.19569778442383,,,,48.838850632309914,2.389655699953437,Paris
11344683367,Paris Carrera,2023-06-14 19:57:54,running,52.10826822916667,6488.64013671875,8.030691659765457,2.075000047683716,4.451000213623047,490.0,82.0,138.0,184.0,0.0,0.0,0.0,0.0,0.0,45.0,117.984375,217.0,47.5553092956543,51.62601089477539,,,,48.83306661620736,2.4104771856218576,Paris
11318030241,Paris Carrera,2023-06-11 10:01:01,running,58.732234700520834,10009.0400390625,5.867918848491489,2.8399999141693115,3.8540000915527344,837.0,92.0,176.0,197.0,0.0,0.0,0.0,0.0,0.0,44.0,157.09375,163.0,120.62679195404053,108.8573579788208,,,,48.85975786484778,2.2921904269605875,Paris
11306866019,Paris Carrera,2023-06-09 20:18:47,running,38.94169921875,6480.68994140625,6.008881704082886,2.7739999294281006,4.497000217437744,531.0,61.0,170.0,185.0,0.0,0.0,0.0,0.0,0.0,44.0,152.6875,170.0,29.810543060302734,28.924549102783203,,,,48.835915038362145,2.407017555087805,Paris
11289404970,Conil de la Frontera Carrera,2023-06-07 13:28:14,running,30.022566731770834,4477.2998046875,6.705507346266776,2.4860000610351562,3.302999973297119,462.0,47.0,158.0,179.0,0.0,0.0,0.0,0.0,0.0,44.0,151.71875,163.0,,1.9616674184799194,,,,36.31832912564278,-6.156127173453569,Conil de la Frontera
